{
    "training": {
        "episode": [
            100,
            200,
            300,
            400,
            500,
            600,
            700,
            800,
            900,
            1000,
            1100,
            1200,
            1300,
            1400,
            1500,
            1600,
            1700,
            1800,
            1900,
            2000,
            2100,
            2200,
            2300,
            2400,
            2500,
            2600,
            2700,
            2800,
            2900,
            3000,
            3100,
            3200,
            3300,
            3400,
            3500,
            3600,
            3700,
            3800,
            3900,
            4000        ],
        "score": [
            -0.586065574,
            -0.448275862,
            -0.745454545,
            -0.409090909,
            -0.488888889,
            -0.25,
            -0.34375,
            -0.454545455,
            -0.205357143,
            -0.407608696,
            -0.184782609,
            -0.516949153,
            -0.283333333,
            -0.25,
            0.0,
            -0.131355932,
            -0.24122807,
            0.0,
            -0.18877551,
            0.0,
            -0.50862069,
            -0.10483871,
            0.0,
            -0.016949153,
            -0.155940594,
            -0.568681319,
            0.0,
            -0.173387097,
            0.0,
            0.0,
            -0.208860759,
            -0.072727273,
            -0.004807692,
            -0.207831325,
            -0.378787879,
            0.0,
            -0.298850575,
            0.0,
            0.0,
            -0.132653061
        ],
        "smoothed_score": [
            -0.995860656,
            -0.749377894,
            -0.604013583,
            -0.528510147,
            -0.488554563,
            -0.461453709,
            -0.421498103,
            -0.382052748,
            -0.347537634,
            -0.342769656,
            -0.315295935,
            -0.274808612,
            -0.27127896,
            -0.24447294,
            -0.218399215,
            -0.195117698,
            -0.187305587,
            -0.174057535,
            -0.170150809,
            -0.127230959,
            -0.126068038,
            -0.109213126,
            -0.124753824,
            -0.115153576,
            -0.112356982,
            -0.118406599,
            -0.105547984,
            -0.130413693,
            -0.103065395,
            -0.125126186,
            -0.111898417,
            -0.113473928,
            -0.10040103,
            -0.108419248,
            -0.112876037,
            -0.11484612,
            -0.093042669,
            -0.104360175,
            -0.120398476,
            -0.095261216
        ],
        "completion": [
            0.5,
            0.0,
            0.0,
            0.0,
            0.25,
            0.25,
            0.0,
            0.25,
            0.5,
            0.0,
            0.5,
            0.0,
            0.25,
            0.5,
            1.0,
            0.75,
            0.75,
            1.0,
            0.25,
            1.0,
            0.0,
            0.75,
            1.0,
            1.0,
            0.75,
            0.25,
            1.0,
            0.5,
            1.0,
            1.0,
            0.5,
            0.5,
            1.0,
            0.75,
            0.25,
            1.0,
            0.5,
            1.0,
            1.0,
            0.75
        ],
        "smoothed_completion": [
            0.005,
            0.083429035,
            0.046435687,
            0.04643127,
            0.074142343,
            0.09549284,
            0.157123305,
            0.262373012,
            0.308373079,
            0.330400921,
            0.384893896,
            0.461895982,
            0.458207928,
            0.496023645,
            0.554420935,
            0.586880641,
            0.617518067,
            0.646246283,
            0.644418728,
            0.737292612,
            0.744448812,
            0.765142089,
            0.74486673,
            0.764510663,
            0.776436264,
            0.777227701,
            0.811378185,
            0.740306284,
            0.798427137,
            0.76062148,
            0.777823346,
            0.767467281,
            0.793055908,
            0.794376592,
            0.79059234,
            0.763213636,
            0.82133087,
            0.811143817,
            0.768875677,
            0.801940488
        ],
        "travel_time": [
            60,
            57,
            54,
            54,
            44,
            54,
            47,
            54,
            55,
            45,
            45,
            58,
            59,
            50,
            53,
            58,
            56,
            50,
            48,
            42,
            28,
            61,
            38,
            43,
            100,
            90,
            40,
            61,
            45,
            33,
            78,
            54,
            42,
            82,
            32,
            42,
            86,
            33,
            38,
            48
        ],
        "average_travel_time": [
            60.0,
            55.74257426,
            55.76119403,
            55.47840532,
            55.6084788,
            55.93013972,
            55.53410982,
            55.57917261,
            55.70786517,
            55.7436182,
            55.52747253,
            55.11807448,
            54.95670275,
            54.5641814,
            54.31620271,
            53.96668887,
            53.70393504,
            53.49323927,
            53.29150472,
            52.91478169,
            52.66966517,
            52.50690148,
            52.27260336,
            52.05041286,
            51.90587255,
            51.7804878,
            51.57093426,
            51.53424658,
            51.25098179,
            51.06377111,
            51.03665445,
            50.87229926,
            50.72945954,
            50.57255377,
            50.4745663,
            50.36246787,
            50.2174396,
            50.11645501,
            50.05656406,
            49.93386311
        ],
        "normalized_deadlocks": [
            0,
            0,
            0,
            0,
            0,
            0,
            0,
            0,
            0,
            0,
            0,
            0,
            0,
            0,
            0,
            0,
            0,
            0,
            0,
            0,
            0,
            0,
            0,
            0,
            0,
            0,
            0,
            0,
            0,
            0,
            0,
            0,
            0,
            0,
            0,
            0,
            0,
            0,
            0,
            0
        ],
        "eps_start": [
            0.99,
            0.362372018,
            0.132639878,
            0.048550485,
            0.017771048,
            0.01,
            0.01,
            0.01,
            0.01,
            0.01,
            0.01,
            0.01,
            0.01,
            0.01,
            0.01,
            0.01,
            0.01,
            0.01,
            0.01,
            0.01,
            0.01,
            0.01,
            0.01,
            0.01,
            0.01,
            0.01,
            0.01,
            0.01,
            0.01,
            0.01,
            0.01,
            0.01,
            0.01,
            0.01,
            0.01,
            0.01,
            0.01,
            0.01,
            0.01,
            0.01
        ],